company,weighted_sentiment_sum,article_count,normalized_sentiment
AAPL,1.9009835075938124,100,0.019009835075938123
GOOGL,2.20803710099528,100,0.0220803710099528
MSFT,1.7719843542009592,100,0.017719843542009592
