company,sentiment_score,time_decayed_sentiment,ml_prediction,growth_score,market_sentiment,total_mentions
AAPL,0.0190098350759381,0.08592518122318284,up,0.31533647599269893,0.08464170414861165,100
GOOGL,0.0220803710099528,0.08105324241779872,up,0.30000000000000004,0.08464170414861165,100
MSFT,0.0177198435420095,0.08694668880485334,up,0.19999999999999996,0.08464170414861165,100
