keyword,weight
2025,5.103499106449281e-06
advice,4.552520844234935e-06
market,4.446627562260672e-06
money,3.7946112539848335e-06
june,3.437431231648897e-06
like,3.2490108760201787e-06
world,3.17899789548113e-06
stocks,2.674496873649638e-06
investing,2.655278430739973e-06
trump,2.604799274084041e-06
feel,2.383331902060856e-06
else,2.3338369934755157e-06
need,2.1818941516380245e-06
anyone,2.1531973331118045e-06
seem,2.1531973331118045e-06
