keyword,weight
2025,0.004797763398345758
advice,0.004279792632681156
market,0.004180243107582816
money,0.0035672871897465203
june,0.003231504778103083
like,0.0030543721350119167
world,0.002988553427408958
stocks,0.0025142755865619954
investing,0.0024962084643695664
trump,0.0024487533663805905
feel,0.002240553457012933
else,0.0021940236436707237
need,0.0020511832531850413
anyone,0.0020242055771431096
seem,0.0020242055771431096
