keyword,weight
2025,0.12946299370468356
advice,0.11548605478402571
market,0.11279980736599877
money,0.09625978620542003
june,0.08719902338003212
like,0.08241927074251933
world,0.0806432167313961
stocks,0.06784528902512112
investing,0.06735776524946624
trump,0.06607723543961354
feel,0.06045916274243253
else,0.05920360084167696
need,0.05534919139318297
anyone,0.05462122496099339
seem,0.05462122496099339
