keyword,weight
2025,2.698274052017489e-11
advice,2.4069660068607984e-11
market,2.3509791066822435e-11
money,2.0062511760180274e-11
june,1.8174063136861882e-11
like,1.7177864752458503e-11
world,1.6807698706080266e-11
stocks,1.4140348348942004e-11
investing,1.4038738404976727e-11
trump,1.3771849755186789e-11
feel,1.260092829358901e-11
else,1.2339243467634921e-11
need,1.1535905563643118e-11
anyone,1.1384182443505989e-11
seem,1.1384182443505989e-11
