keyword,weight
2025,0.14202273104521715
advice,0.12668983180999574
market,0.12374298048473131
money,0.1055983438627057
june,0.09565855917991091
like,0.09041510308581949
world,0.08846674677236269
stocks,0.07442723947724698
investing,0.07389241901553324
trump,0.07248765974359068
feel,0.06632455471386861
else,0.06494718559054685
need,0.06071884403303347
anyone,0.05992025458403122
seem,0.05992025458403122
