keyword,weight
2025,0.0046832858065072
advice,0.004177674142568311
market,0.004080499930497258
money,0.003482169518662631
june,0.003154399082324173
like,0.0029814929332748073
world,0.0029172447006033373
stocks,0.0024542834213653253
investing,0.0024366473918442768
trump,0.0023903246017427868
feel,0.0021870924705389367
else,0.0021416728872222326
need,0.002002240756494778
anyone,0.001975906784431193
seem,0.001975906784431193
