keyword,weight
2025,0.24814692888233225
advice,0.22135676770122462
market,0.2162079291958984
money,0.18450500516180113
june,0.16713787650123574
like,0.15797633231107444
world,0.1545720981297245
stocks,0.13004179517987577
investing,0.12910733874391664
trump,0.12665289573619457
feel,0.11588450975847472
else,0.11347792374668465
need,0.10609002207742002
anyone,0.10469469952764697
seem,0.10469469952764697
