keyword,weight
2025,4.336793474819946e-11
advice,3.868589428439448e-11
market,3.7786046386482775e-11
money,3.224541629675956e-11
june,2.921021249267732e-11
like,2.760907540659204e-11
world,2.7014127056800577e-11
stocks,2.27270356046752e-11
investing,2.256372330448984e-11
trump,2.2134767263480187e-11
feel,2.0252806996921214e-11
else,1.9832214787316513e-11
need,1.8541052172643555e-11
anyone,1.82971956092607e-11
seem,1.82971956092607e-11
