keyword,weight
2025,0.06580808180632644
advice,0.05870338328536675
market,0.057337921350809666
money,0.048930367698090754
june,0.04432463903248461
like,0.041895015372607314
world,0.040992219103867654
stocks,0.03448683058050982
investing,0.03423901455530643
trump,0.03358810105430667
feel,0.030732346084718018
else,0.030094124165747825
need,0.028134867044904692
anyone,0.027764830224722172
seem,0.027764830224722172
