keyword,weight
2025,0.004381171260806474
advice,0.003908176149532306
market,0.0038172705582857347
money,0.0032575379019626725
june,0.0029509116410087136
like,0.0027891595117708937
world,0.002729055874673464
stocks,0.0022959598102296644
investing,0.0022794614650752856
trump,0.002236126916406266
feel,0.0020460051067858493
else,0.0020035154998461107
need,0.0018730780101829019
anyone,0.0018484428189187788
seem,0.0018484428189187788
