keyword,weight
2025,0.004892679927761706
advice,0.004364461889913412
market,0.004262942927257856
money,0.0036378605989307784
june,0.0032954352375405677
like,0.0031147982916456666
world,0.00304767745995329
stocks,0.0025640167456933522
investing,0.0025455921926747934
trump,0.002497198266980025
feel,0.002284879435693728
else,0.0022374291000101425
need,0.002091762827337357
anyone,0.0020642514385695145
seem,0.0020642514385695145
