keyword,weight
2025,0.8515472578418741
advice,0.7596134652550973
market,0.7419445812192192
money,0.6331520277574507
june,0.5735545511571895
like,0.5421155651182837
world,0.5304335092684015
stocks,0.44625470316728216
investing,0.44304799890058927
trump,0.43462527038982884
feel,0.3976722055583942
else,0.38941370432152334
need,0.36406119467732434
anyone,0.35927297063435176
seem,0.35927297063435176
